"","author_flair_text","comments","users"
"1"," Spurs",150,1
"2","[?] Fab Melo",4,1
"3","[ATL] Al Horford",270,3
"4","[ATL] Dennis Schröder",51,1
"5","[ATL] Elton Brand",254,1
"6","[ATL] Joe Johnson",17,1
"7","[ATL] Kent Bazemore",14,1
"8","[ATL] Kyle Korver",33,1
"9","[ATL] Lou Hudson",55,1
"10","[ATL] Pete Maravich",4,1
"11","[ATL] Thabo Sefolosha",1,1
"12","[ATL] Zaza Pachulia",37,2
"13","[BKN] Brook Lopez",253,6
"14","[BKN] Deron Williams",1,1
"15","[BKN] Joe Johnson",73,2
"16","[BKN] Markel Brown",10,1
"17","[BKN] Mason Plumlee",12,1
"18","[BKN] Mirza Teletovic",3,1
"19","[BKN] Shaun Livingston",22,1
"20","[BKN] Stephon Marbury",4,1
"21","[BKN] Vince Carter",31,1
"22","[BOS] Allan Ray",99,1
"23","[BOS] Antoine Walker",23,1
"24","[BOS] Avery Bradley",118,4
"25","[BOS] Bill Russell",72,2
"26","[BOS] Bill Walton",4,1
"27","[BOS] Brandon Bass",5,1
"28","[BOS] Brian Scalabrine",15,4
"29","[BOS] Chuck Connors",11,1
"30","[BOS] Dominique Wilkins",1,1
"31","[BOS] Evan Turner",469,1
"32","[BOS] Fab Melo",26,1
"33","[BOS] Isaiah Thomas",212,5
"34","[BOS] Jae Crowder",49,1
"35","[BOS] Jared Sullinger",147,4
"36","[BOS] Jeff Green",44,5
"37","[BOS] Jonas Jerebko",2,2
"38","[BOS] Jordan Crawford",13,2
"39","[BOS] Kelly Olynyk",80,4
"40","[BOS] Kevin Garnett",47,6
"41","[BOS] Kevin McHale",50,1
"42","[BOS] Larry Bird",723,6
"43","[BOS] Marcus Smart",639,11
"44","[BOS] Paul Pierce",600,14
"45","[BOS] Pete Maravich",1,1
"46","[BOS] Peyton Siva",1,1
"47","[BOS] Rajon Rondo",341,9
"48","[BOS] Ray Allen",14,1
"49","[BOS] Reggie Lewis",15,1
"50","[BOS] Sam Jones",23,1
"51","[BOS] Semih Erden",6,1
"52","[BOS] Shaquille O'Neal",16,2
"53","[BOS] Tom Heinsohn",10,1
"54","[BOS] Tom Thacker",1,1
"55","[BOS] Tommy Heinsohn",60,1
"56","[BOS] Tony Delk",50,1
"57","[BOS] Vitaly Potapenko",3,1
"58","[BOS] Wally Szczerbiak",5,1
"59","[BOS] Walter McCarty",12,1
"60","[CHA] Al Jefferson",1,1
"61","[CHA] Baron Davis",180,2
"62","[CHA] Bismack Biyombo",3,1
"63","[CHA] Chris Douglas-Roberts",11,1
"64","[CHA] Cody Zeller",309,1
"65","[CHA] Gerald Wallace",11,1
"66","[CHA] Kemba Walker",16,3
"67","[CHA] Lance Stephenson",3,1
"68","[CHA] Larry Johnson",1,1
"69","[CHA] Michael Kidd-Gilchrist",828,6
"70","[CHA] Muggsy Bogues",28,2
"71","[CHA] P.J. Hairston",90,1
"72","[CHA] P.J. Hariston",67,1
"73","[CHA] Stephen Jackson",38,1
"74","[CHI] Andrés Nocioni",36,1
"75","[CHI] Ben Gordon",360,4
"76","[CHI] Ben Wallace",56,1
"77","[CHI] Brad Miller",1,1
"78","[CHI] Brian Scalabrine",7,1
"79","[CHI] Cameron Bairstow",65,1
"80","[CHI] Carlos Boozer",34,2
"81","[CHI] Dalibor Bagaric",14,2
"82","[CHI] Dennis Rodman",95,3
"83","[CHI] Derrick Rose",1344,23
"84","[CHI] Dickey Simpkins",8,1
"85","[CHI] Doug McDermott",1449,3
"86","[CHI] Eddie Robinson",37,1
"87","[CHI] Fred Hoiberg",56,3
"88","[CHI] George Gervin",10,1
"89","[CHI] Jimmer Fredette",17,1
"90","[CHI] Jimmy Butler",1044,26
"91","[CHI] Joakim Noah",188,12
"92","[CHI] Kirk Hinrich",106,1
"93","[CHI] Kyle Korver",32,2
"94","[CHI] LeMarcus Aldridge",6,1
"95","[CHI] Luc Longley",52,1
"96","[CHI] Luol Deng",197,5
"97","[CHI] Mac &amp; Cheese",9,1
"98","[CHI] Marcus Fizer",32,1
"99","[CHI] Michael Jordan",322,5
"100","[CHI] Mike Dunleavy Jr.",24,1
"101","[CHI] Nate Robinson",14,1
"102","[CHI] Nazr Mohammed",129,1
"103","[CHI] Nikola Mirotic",185,5
"104","[CHI] Pau Gasol",6,1
"105","[CHI] Ronnie Brewer",5,1
"106","[CHI] Scottie Pippen",1538,10
"107","[CHI] Steve Kerr",14,2
"108","[CHI] Taj Gibson",123,3
"109","[CHI] Tom Thibodeau",2,1
"110","[CHI] Toni Kukoc",29,3
"111","[CHI] Tony Snell",4,2
"112","[CHI] Tyson Chandler",308,2
"113","[China] Yao Ming",11,1
"114","[CLE] Bob Sura",8,2
"115","[CLE] Brian Scalabrine",145,1
"116","[CLE] Campy Russell",27,1
"117","[CLE] Dajuan Wagner",12,1
"118","[CLE] Dan Majerle",21,1
"119","[CLE] Daniel Gibson",14,1
"120","[CLE] Delonte West",104,3
"121","[CLE] Dion Waiters",361,5
"122","[CLE] Dwayne Jones",68,1
"123","[CLE] Eric Snow",21,1
"124","[CLE] Iman Shumpert",53,3
"125","[CLE] J.R. Smith",39,2
"126","[CLE] James Jones",6,1
"127","[CLE] Kevin Love",387,5
"128","[CLE] Kyrie Irving",740,30
"129","[CLE] Lebron James",124,2
"130","[CLE] LeBron James",453,19
"131","[CLE] Luke Walton",6,1
"132","[CLE] Mark Price",59,2
"133","[CLE] Martynas Andriuskevicius",5,1
"134","[CLE] Matthew Dellavedova",514,11
"135","[CLE] Mike Miller",13,1
"136","[CLE] Samardo Samuels",2,1
"137","[CLE] Sergey Karasev",1,1
"138","[CLE] Shaquille O'Neal",197,2
"139","[CLE] Timofey Mosgov",32,1
"140","[CLE] Timofey Mozgov",6,1
"141","[CLE] Tristan Thompson",242,3
"142","[CLE] Zydrunas Ilgauskas",50,4
"143","[DAL] Brian Cardinal",17,1
"144","[DAL] Chandler Parsons",241,4
"145","[DAL] Dennis Rodman",1,1
"146","[DAL] Dirk Nowitzki",457,25
"147","[DAL] J.J. Barea",2,1
"148","[DAL] Jason Kidd",19,1
"149","[DAL] Jason Terry",13,2
"150","[DAL] Jose Barea",2,1
"151","[DAL] Monta Ellis",23,4
"152","[DAL] Nick Van Exel",226,1
"153","[DAL] Ricky Ledo",117,2
"154","[DAL] Roy Hibbert",7,1
"155","[DAL] Steve Nash",384,1
"156","[DAL] Vince Carter",83,1
"157","[DEN] Allen Iverson",1,1
"158","[DEN] Andre Iguodala",2,1
"159","[DEN] Arron Afflalo",164,1
"160","[DEN] Carmelo Anthony",33,1
"161","[DEN] Danilo Gallinari",73,3
"162","[DEN] Dikembe Mutombo",3,1
"163","[DEN] JaVale McGee",2,1
"164","[DEN] Jusuf Nurkic",29,1
"165","[DEN] Kenneth Faried",3,1
"166","[DEN] Ty Lawson",20,4
"167","[DET] Allen Iverson",4,2
"168","[DET] Andre Drummond",24,3
"169","[DET] Ben Wallace",16,4
"170","[DET] Bill Laimbeer",4,1
"171","[DET] Bob Sura",3,1
"172","[DET] Brandon Jennings",1,1
"173","[DET] Charlie Villanueva",154,1
"174","[DET] Chauncey Billups",2,1
"175","[DET] Christian Laettner",81,1
"176","[DET] Chucky Atkins",1,1
"177","[DET] Corliss Williamson",84,1
"178","[DET] Darko Miličić",1,1
"179","[DET] Dennis Rodman",27,2
"180","[DET] Isiah Thomas",9,2
"181","[DET] Jerry Stackhouse",36,1
"182","[DET] Kentavious Caldwell-Pope",36,1
"183","[DET] Rasheed Wallace",2,1
"184","[DET] Rasheed Wallce",5,1
"185","[DET] Richard Hamilton",261,2
"186","[DET] Rip Hamilton",11,2
"187","[DET] Tayshaun Prince",1,1
"188","[DET] Tracy McGrady",84,2
"189","[DET] Walter Herrmann",6,1
"190","[East] Dante Exum",2,1
"191","[EAST] Kevin Garnett",1,1
"192","[GSW]  Steph Curry",18,1
"193","[GSW] Šarūnas Jasikevičius",2,1
"194","[GSW] Adonal Foyle",134,4
"195","[GSW] Andre Igoudala",98,1
"196","[GSW] Andre Iguodala",840,8
"197","[GSW] Andrew Bogut",551,9
"198","[GSW] Andris Biedrins",40,2
"199","[GSW] Anthony Tolliver",298,1
"200","[GSW] Baron Davis",423,8
"201","[GSW] Billy Owens",4,1
"202","[GSW] Brian Cardinal",43,1
"203","[GSW] Chis Webber",7,1
"204","[GSW] Chris Mullin",9,3
"205","[GSW] Draymond Green",1050,16
"206","[GSW] Festus Ezeli",217,3
"207","[GSW] Harrison Barnes",549,13
"208","[GSW] James Michael McAdoo",104,1
"209","[GSW] Jason Richardson",83,4
"210","[GSW] Kelenna Azubuike",45,1
"211","[GSW] Kent Bazemore",155,4
"212","[GSW] Klay Thompson",191,8
"213","[GSW] Larry McNeill",80,1
"214","[GSW] Latrell Sprewell",86,1
"215","[GSW] Leandro Barbosa",337,2
"216","[GSW] Marreese Speights",121,1
"217","[GSW] Matt Barnes",77,1
"218","[GSW] Mitch Richmond",90,1
"219","[GSW] Monta Ellis",324,3
"220","[GSW] Nate Thurmond",8,1
"221","[GSW] Ognjen Kuzmic",5,1
"222","[GSW] Popeye Jones",74,1
"223","[GSW] Rick Barry",7,1
"224","[GSW] Sarunas Marciulionis",1,1
"225","[GSW] Shaun Livingston",24,1
"226","[GSW] Sonny Parker",3,1
"227","[GSW] Speedy Claxton",528,2
"228","[GSW] Steph Curry",141,4
"229","[GSW] Stephen Curry",2339,35
"230","[GSW] Tim Hardaway",2,1
"231","[GSW] Troy Murphy",1,1
"232","[GSW] Vonteego Cummings",59,1
"233","[GSW] Wilt Chamberlain",76,2
"234","[GSW] World B. Free",214,1
"235","[GSW] Zarko Cabarkapa",2,1
"236","[HOU]  Ray Allen",11,1
"237","[HOU] Bob Sura",139,1
"238","[HOU] Bonzi Wells",2,1
"239","[HOU] Chandler Parsons",34,2
"240","[HOU] Charles Barkley",248,1
"241","[HOU] Chuck Hayes",55,3
"242","[HOU] Clint Capela",2,2
"243","[HOU] Corey Brewer",5,1
"244","[HOU] Donatas Motiejūnas",71,1
"245","[HOU] Donatas Motiejunas",36,2
"246","[HOU] Dwight Howard",8,2
"247","[HOU] Glen Rice",11,1
"248","[HOU] Hakeem Olajuwon",22,7
"249","[HOU] James Harden",1918,20
"250","[HOU] Jeremy Lin",45,3
"251","[HOU] Josh Smith",92,3
"252","[HOU] Kenny Smith",373,1
"253","[HOU] Moochie Norris",852,1
"254","[HOU] Patrick Beverley",218,1
"255","[HOU] Rafer Alston",55,1
"256","[HOU] Shane Battier",2,1
"257","[HOU] Steve Francis",83,3
"258","[HOU] Tarik Black",61,1
"259","[HOU] Tracy McGrady",291,8
"260","[HOU] Trevor Ariza",369,2
"261","[HOU] Troy Daniels",124,1
"262","[HOU] Vernon Maxwell",299,3
"263","[HOU] Yao Ming",114,5
"264","[IND] Chris Copeland",15,1
"265","[IND] Dale Davis",223,2
"266","[IND] Danny Granger",1,1
"267","[IND] David West",14,4
"268","[IND] Detlef Schrempf",51,1
"269","[IND] George Hill",26,2
"270","[IND] George McGinnis",1,1
"271","[IND] Jeff Foster",4,1
"272","[IND] Lance Stephenson",10,2
"273","[IND] Marvin Harrison",27,1
"274","[IND] Paul George",135,12
"275","[IND] Reggie Miller",430,4
"276","[IND] Rik Smits",98,1
"277","[IND] Roy Hibbert",80,5
"278","[IND] Tyler Hansbrough",44,1
"279","[LAC] Austin Rivers",11,1
"280","[LAC] Baron Davis",2,1
"281","[LAC] Blake Griffin",812,14
"282","[LAC] Bob McAdoo",1,1
"283","[LAC] Chris Paul",2665,10
"284","[LAC] Corey Maggette",136,1
"285","[LAC] DeAndre Jordan",136,6
"286","[LAC] Ekpe Udoh",66,1
"287","[LAC] Elton Brand",54,3
"288","[LAC] Eric Bledsoe",37,2
"289","[LAC] J.J. Redick",41,2
"290","[LAC] Jamal Crawford",7,2
"291","[LAC] JJ Redick",3,1
"292","[LAC] Lamar Odom",49,1
"293","[LAC] Lionel Hollins",2,1
"294","[LAC] Matt Barnes",165,1
"295","[LAC] Michael Olowokandi",31,1
"296","[LAC] Moses Malone",30,1
"297","[LAC] Nick Young",4,1
"298","[LAC] Ryan Hollins",49,1
"299","[LAC] Shaun Livingston",1,1
"300","[LAC] Spencer Hawes",1,1
"301","[LAC] Tom Chambers",17,1
"302","[LAL] Adam Morrison",1,1
"303","[LAL] Austin Rivers",182,1
"304","[LAL] Carlos Boozer",39,1
"305","[LAL] Chris Duhon",13,1
"306","[LAL] Dennis Rodman",171,2
"307","[LAL] Didier Ilunga-Mbenga",9,1
"308","[LAL] Dwight Howard",97,1
"309","[LAL] Eddie Jones",2,1
"310","[LAL] Gary Payton",101,3
"311","[LAL] Glen Rice",2,1
"312","[LAL] Jeremy Lin",1,1
"313","[LAL] Jerry West",47,2
"314","[LAL] Jordan Clarkson",1113,12
"315","[LAL] Jordan Hill",10,2
"316","[LAL] Julius Randle",378,11
"317","[LAL] Kareem Abdul-Jabbar",7,5
"318","[LAL] Karl Malone",1,1
"319","[LAL] Kendall Marshall",4,1
"320","[LAL] Kobe Bryant",2014,62
"321","[LAL] Kurt Rambis",3,1
"322","[LAL] Kwame Brown",45,2
"323","[LAL] Lamar Odom",3,2
"324","[LAL] Luke Walton",43,1
"325","[LAL] Magic Johnson",70,4
"326","[LAL] Mark Madsen",1,1
"327","[LAL] Metta World Peace",333,4
"328","[LAL] Mitch Kupchak",15,1
"329","[LAL] Nick Van Exel",10,1
"330","[LAL] Nick Young",260,8
"331","[LAL] Pau Gasol",337,8
"332","[LAL] Robert Horry",6,1
"333","[LAL] Robert Sacre",8,1
"334","[LAL] Ryan Kelly",157,2
"335","[LAL] Sasha Vujacic",185,4
"336","[LAL] Shannon Brown",6,1
"337","[LAL] Shaquille O'Neal",32,5
"338","[LAL] Slava Medvenko",4,1
"339","[LAL] Smush Parker",1152,5
"340","[LAL] Steve Nash",4,1
"341","[LAL] Sun Yue",2,1
"342","[LAL] Swaggy P",39,1
"343","[LAL] Vlade Divac",7,1
"344","[LAL] Zelmo Beaty",38,1
"345","[MEM] Allen Iverson",4,1
"346","[MEM] Bryant Reeves",16,3
"347","[MEM] Hamed Haddadi",83,1
"348","[MEM] Jason Williams",13,1
"349","[MEM] Juan Carlos Navarro",4,1
"350","[MEM] Marc Gasol",296,3
"351","[MEM] Mike Conley",178,3
"352","[MEM] Mike Conley Jr.",114,3
"353","[MEM] Pau Gasol",2,1
"354","[MEM] Shareef Abdur-Rahim",1,1
"355","[MEM] Stromile Swift",27,2
"356","[MEM] Tony Allen",130,5
"357","[MEM] Tony Wroten Jr.",97,1
"358","[MEM] Vince Carter",89,1
"359","[MEM] Z-Bo",30,1
"360","[MEM] Zach Randolph",68,3
"361","[MIA] Alonzo Mourning",402,4
"362","[MIA] Antoine Walker",269,1
"363","[MIA] Chris Bosh",379,7
"364","[MIA] Dwyane Wade",1139,39
"365","[MIA] Eddie Jones",207,1
"366","[MIA] Eddy Curry",1,1
"367","[MIA] Gary Payton",6,1
"368","[MIA] Goran Dragic",9,2
"369","[MIA] Hassan Whiteside",593,6
"370","[MIA] James Ennis",249,2
"371","[MIA] Jarvis Varnado",1,1
"372","[MIA] Jason Williams",245,2
"373","[MIA] Javale McGee",5,1
"374","[MIA] JaVale McGee",1,1
"375","[MIA] Joel Anthony",9,1
"376","[MIA] Josh McRoberts",6,2
"377","[MIA] LeBron James",262,17
"378","[MIA] Mario Chalmers",579,3
"379","[MIA] Michael Beasley",47,1
"380","[MIA] Mike Miller",1,1
"381","[MIA] Norris Cole",150,2
"382","[MIA] Pat Riley",1,1
"383","[MIA] Reggie Miller",4,1
"384","[MIA] Rony Seikaly",3,1
"385","[MIA] Shane Battier",6,1
"386","[MIA] Stephen Curry",8,1
"387","[MIA] Tyler Johnson",2,1
"388","[MIA] Udonis Haslem",128,4
"389","[MIA] Voshon Lenard",175,1
"390","[MIL] Andrew Bogut",46,1
"391","[MIL] Damon Jones",3,1
"392","[MIL] Dan Gadzuric",1,1
"393","[MIL] Desmond Mason",1,1
"394","[MIL] Giannis Antetokounmpo",28,5
"395","[MIL] Jabari Parker",1,1
"396","[MIL] Jon McGlocklin",4,1
"397","[MIL] Kareem Abdul-Jabbar",1,1
"398","[MIL] Khris Middleton",5,2
"399","[MIL] Larry Sanders",8,1
"400","[MIL] Luc Mbah a Moute",2,1
"401","[MIL] Michael Redd",17,1
"402","[MIL] Monta Ellis",49,1
"403","[MIL] Nate Wolters",1,1
"404","[MIL] O.J. Mayo",15,1
"405","[MIL] Oscar Robertson",1,1
"406","[MIL] Ray Allen",2,1
"407","[MIL] Toni Kukoc",4,1
"408","[MIL] Zaza Pachulia",22,1
"409","[MIN] Andrew Wiggins",1601,13
"410","[MIN] Anthony Bennett",13,1
"411","[MIN] Brian Cardinal",87,1
"412","[MIN] Christian Laettner",4,1
"413","[MIN] Derrick Williams",22,1
"414","[MIN] Kevin Garnett",143,7
"415","[MIN] Kevin Love",20,1
"416","[MIN] Latrell Sprewell",5,1
"417","[MIN] Rasho Nesterovic",10,1
"418","[MIN] Ricky Rubio",847,5
"419","[MIN] Robbie Hummel",67,2
"420","[MIN] Shabazz Muhammad",17,2
"421","[MIN] Shane Heal",1,1
"422","[MIN] Troy Hudson",2,1
"423","[MKE] Giannis Antetokounmpo",2,1
"424","[MKE] Nate Wolters",2,1
"425","[MLPS] Kobe Bryant",8,1
"426","[NBA] Billy Donovan",1,1
"427","[NBA] Blake Griffin",623,2
"428","[NBA] Charles Barkley",481,1
"429","[NBA] David Stern",24,1
"430","[NBA] Desagna Diop",4,1
"431","[NBA] Dion Waiters",20,1
"432","[NBA] Jabari Parker",370,1
"433","[NBA] Julius Erving",18,1
"434","[NBA] Kareem Abdul-Jabbar",2,1
"435","[NBA] Kobe Bryant",488,2
"436","[NBA] Lebron James",469,4
"437","[NBA] LeBron James",404,5
"438","[NBA] Shane Battier",82,1
"439","[NBA] Shareef Abdur-Rahim",5,1
"440","[NBA] Steve Nash",128,3
"441","[NJN] Brook Lopez",6,2
"442","[NJN] Joe Johnson",13,1
"443","[NJN] Keith Van Horn",144,1
"444","[NJN] Mason Plumlee",3,1
"445","[NJN] Mirza Teletovic",10,1
"446","[NJN] Shaun Livingston",10,1
"447","[NJN] Vince Carter",207,4
"448","[NOH] Jimmer Fredette",41,1
"449","[NOLA] Anthony Davis",80,1
"450","[NOP] Anthony Davis",623,12
"451","[NOP] Austin Rivers",75,2
"452","[NOP] Bonzi Wells",55,1
"453","[NOP] Carldrell Johnson ",91,1
"454","[NOP] Chris Paul",10,1
"455","[NOP] David West",83,1
"456","[NOP] Didier Ilunga-Mbenga",54,1
"457","[NOP] Jason Smith",3,1
"458","[NOP] Marco Belinelli",2,1
"459","[NOP] Patric Young",2,1
"460","[NOP] Quincy Pondexter",10,1
"461","[NOP] Ryan Anderson",1,1
"462","[NOP] Tyreke Evans",39,1
"463","[NYK]",1,1
"464","[NYK] Allan Houston",184,4
"465","[NYK] Carmelo Anthony",1520,22
"466","[NYK] Charles Oakley",3,1
"467","[NYK] Chris Copeland",51,2
"468","[NYK] Cleanthony Early",29,2
"469","[NYK] Danilo Gallinari",1,1
"470","[NYK] Dean Meminger",42,1
"471","[NYK] Dick Bunt",18,1
"472","[NYK] Eddy Curry",4,1
"473","[NYK] Iman Shumpert",106,6
"474","[NYK] Iman Shumpert :(",1,1
"475","[NYK] Jeremy Lin",18,5
"476","[NYK] Jerome James",1,1
"477","[NYK] John Starks",1,1
"478","[NYK] JR Smith",4,1
"479","[NYK] Keith Van Horn",5,1
"480","[NYK] Kurt Thomas",3,1
"481","[NYK] Langston Galloway",302,6
"482","[NYK] Larry Johnson",11,2
"483","[NYK] Latrell Spreewell",30,2
"484","[NYK] Latrell Sprewell",67,5
"485","[NYK] Lou Amundson",1,1
"486","[NYK] Metta World Peace",6,1
"487","[NYK] Nate Robinson",39,2
"488","[NYK] Pablo Prigioni",105,4
"489","[NYK] Patrick Ewing",21,6
"490","[NYK] Phil Jackson",36,1
"491","[NYK] Qyntel Woods",179,1
"492","[NYK] Rasheed Wallace",19,1
"493","[NYK] Renaldo Balkman",4,1
"494","[NYK] Ricky Ledo",141,1
"495","[NYK] Stephon Marbury",20,1
"496","[NYK] Tim Hardaway Jr.",49,4
"497","[NYK] Timofey Mozgov",8,1
"498","[NYK] Toney Douglas",57,1
"499","[NYK] Tracy McGrady",114,2
"500","[NYK] Walt Clyde Frazier",16,1
"501","[NYK] Walt Frazier",99,4
"502","[NYK] Wilson Chandler",3,1
"503","[OKC] Anthony Morrow",427,3
"504","[OKC] Detlef Schrempf",22,1
"505","[OKC] Dion Waiters",2,1
"506","[OKC] Gary Payton",22,1
"507","[OKC] Hasheem Thabeet",13,2
"508","[OKC] Jeremy Lamb",2,1
"509","[OKC] Kendrick Perkins",32,2
"510","[OKC] Kevin Durant",293,15
"511","[OKC] Nick Collison",11,3
"512","[OKC] Perry Jones III",371,2
"513","[OKC] Ray Allen",1,1
"514","[OKC] Reggie Jackson",3,1
"515","[OKC] Russell Westbrook",568,34
"516","[OKC] Serge Ibaka",88,4
"517","[OKC] Shawn Kemp",119,1
"518","[OKC] Steven Adams",321,6
"519","[OKC} Steven Adams",17,1
"520","[ORL] Elfrid Payton",291,3
"521","[ORL] Hedo Turkoglu",2,1
"522","[ORL] Kobe Bryant",2,1
"523","[ORL] Nikola Vučević",8,1
"524","[ORL] Nikola Vucevic",129,3
"525","[ORL] Penny Hardaway",9,1
"526","[ORL] Steve Francis",4,1
"527","[ORL] Tobias Harris",93,1
"528","[ORL] Tracy McGrady",3,1
"529","[ORL] Victor Oladipo",206,8
"530","[PHI] Allen Iverson",56,6
"531","[PHI] Andre Iguodala",4,1
"532","[PHI] Andrew Bynum",7,1
"533","[PHI] Bobby Jones",66,2
"534","[PHI] Evan Turner",16,1
"535","[PHI] JaKarr Sampson",45,2
"536","[PHI] Jerami Grant",133,2
"537","[PHI] Joe Bryant",7,1
"538","[PHI] Joel Embiid",794,3
"539","[PHI] Julius Erving",1,1
"540","[PHI] K.J. McDaniels",26,1
"541","[PHI] Nerlens Noel",29,6
"542","[PHI] Robert Covington",54,3
"543","[PHI] Shawn Bradley",8,1
"544","[PHI] Thaddeus Young",8,1
"545","[PHI] Thomas Robinson",379,1
"546","[PHI] Tony Wroten",2,2
"547","[PHO] Archie Goodwin",15,1
"548","[PHO] Bo Outlaw",16,1
"549","[PHO] Dan Majerle",1,1
"550","[PHO] Eric Bledsoe",156,1
"551","[PHO] Gerald Green",13,1
"552","[PHO] Markieff Morris",9,1
"553","[PHO] Pat Burke",61,1
"554","[PHO] Shawn Marion",8,1
"555","[PHO] Steve Nash",242,9
"556","[PHO] T.J. Warren",10,1
"557","[PHO] Viacheslav Kravtsov",2,1
"558","[PHX] Bogdan Bogdanovic",37,1
"559","[PHX] Brandon Knight",32,1
"560","[PHX] Casey Jacobsen",12,1
"561","[PHX] Charles Barkley",117,2
"562","[PHX] Goran Dragic",6,1
"563","[PHX] Markieff Morris",33,1
"564","[PHX] Shaquille O'Neal",14,1
"565","[PHX] Steve Nash",26,5
"566","[POR] Allen Crabbe",9,1
"567","[POR] Arvydas Sabonis",448,6
"568","[POR] Bill Walton",1,1
"569","[POR] Brandon Roy",98,6
"570","[POR] Clyde Drexler",27,2
"571","[POR] Damian Lillard",60,8
"572","[POR] Damon Stoudamire",77,2
"573","[POR] Drazen Petrovic",4,1
"574","[POR] Greg Oden",24,2
"575","[POR] Jamal Crawford",35,1
"576","[POR] Jerome Kersey",269,2
"577","[POR] LaMarcus Aldridge",184,4
"578","[POR] Luke Babbitt",32,3
"579","[POR] Maurice Lucas",4,1
"580","[POR] Meyers Leonard",473,6
"581","[POR] Nic Batum",94,1
"582","[POR] Nicholas Batum",1,1
"583","[POR] Nicolas Batum",17,4
"584","[POR] Patty Mills",49,1
"585","[POR] Raef LaFrentz",19,1
"586","[POR] Rasheed Wallace",8,1
"587","[POR] Ruben Boumtje-Boumtje",12,1
"588","[POR] Thomas Robinson",16,1
"589","[POR] Wes Matthews",6,1
"590","[POR] Wesley Matthews",60,7
"591","[POR] Will Barton",104,2
"592","[POR] Zach Randolph",130,1
"593","[SA] David Robinson",108,1
"594","[SAC] Ben McLemore",14,2
"595","[SAC] Chris Webber",5,4
"596","[SAC] DeMarcus Cousins",577,5
"597","[SAC] Doug Christie",39,1
"598","[SAC] Jason Williams",8,1
"599","[SAC] Kenny Smith",1,1
"600","[SAC] Nik Stauskas",365,2
"601","[SAC] Peja Stojakovic",173,6
"602","[SAC] Peja Stojakovic ",54,1
"603","[SAC] Vlade Divac",69,1
"604","[SAS] Austin Daye",1,1
"605","[SAS] Beno Udrih",1,1
"606","[SAS] Boris Diaw",169,2
"607","[SAS] Brent Barry",17,1
"608","[SAS] Bruce Bowen",412,2
"609","[SAS] Danny Green",92,3
"610","[SAS] David Robinson",31,3
"611","[SAS] Emanuel David Ginóbili",12,1
"612","[SAS] George Gervin",13,2
"613","[SAS] Kawhi Leonard",857,33
"614","[SAS] Kyle Anderson",248,3
"615","[SAS] Livio Jean-Charles",94,1
"616","[SAS] Manu Ginóbili",237,1
"617","[SAS] Manu Ginobili",295,12
"618","[SAS] Marco Belinelli",1,1
"619","[SAS] Matt Bonner",7,2
"620","[SAS] Patrick Mills",26,1
"621","[SAS] Patty Mills",157,6
"622","[SAS] Richard Jefferson",7,1
"623","[SAS] Robert Horry",34,2
"624","[SAS] Steve Kerr",1,1
"625","[SAS] Tiago Splitter",5,1
"626","[SAS] Tim Duncan",390,14
"627","[SAS] Tony Parker",54,4
"628","[SDC] Blake Griffin",39,1
"629","[SDC] Chris Kamen",20,1
"630","[SDC] Ryan Hollins",11,1
"631","[SEA] Detlef Schrempf",130,2
"632","[SEA] Flip Murray",2,1
"633","[SEA] Gary Payton",281,3
"634","[SEA] Kevin Durant",14,3
"635","[SEA] Ray Allen",120,5
"636","[SEA] Shawn Kemp",195,1
"637","[TOR] Aaron Gray",25,2
"638","[TOR] Alan Anderson",4,1
"639","[TOR] Amir Johnson",341,6
"640","[TOR] Andrea Bargnani",269,3
"641","[TOR] Art Long",29,1
"642","[TOR] Bruno Caboclo",194,5
"643","[TOR] Chris Bosh",55,3
"644","[TOR] Chuck Hayes",1,1
"645","[TOR] DeMar DeRozan",65,7
"646","[TOR] Greivis Vasquez",1,1
"647","[TOR] Greivis Vasquez ",1,1
"648","[TOR] Hakeem Olajuwon",270,9
"649","[TOR] Hedo Turkoglu",49,1
"650","[TOR] Jalen Rose",9,1
"651","[TOR] James Johnson",40,3
"652","[TOR] Jerome Williams",12,1
"653","[TOR] Jonas Valančiūnas",4,1
"654","[TOR] Jonas Valanciunas",85,9
"655","[TOR] Jonas Valanciunas ",48,1
"656","[TOR] Jorge Garbajosa",3,1
"657","[TOR] José Calderón",20,1
"658","[TOR] Jose Calderon",5,2
"659","[TOR] Keon Clark",12,1
"660","[TOR] Kyle Lowry",89,1
"661","[TOR] Lou Williams",8,1
"662","[TOR] Lucas Nogueira",119,2
"663","[TOR] Morris Peterson",5,1
"664","[TOR] Patrick Patterson",167,5
"665","[TOR] Peja Stojakovic",3,1
"666","[TOR] Pops Mensah-Bonsu",491,2
"667","[TOR] Rafael Araujo",1,1
"668","[TOR] Rafer Alston",1603,1
"669","[TOR] Rasho Nesterovic",1,1
"670","[TOR] Rudy Gay",9,1
"671","[TOR] Terrence Ross",18,1
"672","[TOR] Tracy McGrady",406,4
"673","[TOR] Vince Carter",188,11
"674","[Tweet] Larry Bird",518,1
"675","[USA] Anthony Davis",2,1
"676","[USA] LeBron James",2,1
"677","[USA] Phil Pressey",1,1
"678","[UTA] Andrei Kirilenko",180,2
"679","[UTA] Bryon Russell",1,1
"680","[UTA] Carl Kilpatrick",15,1
"681","[UTA] Dante Exum",1,1
"682","[UTA] Derrick Favors",18,2
"683","[UTA] Gordon Hayward",39,3
"684","[UTA] Greg Ostertag",44,2
"685","[UTA] Jerry Sloan",5,1
"686","[UTA] Joe Ingles",124,1
"687","[UTA] John Stockton",774,7
"688","[UTA] Pete Maravich",5,1
"689","[UTA] Richard Jefferson",642,1
"690","[UTA] Rodney Hood",5,1
"691","[UTA] Rudy Gobert",49,4
"692","[UTA] Sundiata Gaines",57,2
"693","[UTH] Dante Exum",3,1
"694","[VAN] Shareef Abdur-Rahim",3,1
"695","[VAN] Steve Francis",4,1
"696","[WAS] Antawn Jamison",88,1
"697","[WAS] Bradley Beal",639,7
"698","[WAS] Drew Gooden",23,1
"699","[WAS] Gheorghe Muresan",41,1
"700","[WAS] Gilbert Arenas",575,9
"701","[WAS] Hubert Davis",1,1
"702","[WAS] John Wall",878,16
"703","[WAS] Kwame Brown",5,1
"704","[WAS] Marcin Gortat",522,2
"705","[WAS] Michael Jordan",185,4
"706","[WAS] Mike Bibby",45,1
"707","[WAS] Nene",41,1
"708","[WAS] Othyus Jeffers",4,1
"709","[WAS] Otto Porter",528,7
"710","[WAS] Reggie Evans",1,1
"711","[WIZ] God Shammgod",12,1
"712","[WSH] Otto Porter Jr.",1741,2
"713","2012 Best team subreddit!",8,1
"714","76ers",11578,700
"715","76ers Official Account",1,1
"716","Al Horford",2,1
"717","Allen Iverson",4,1
"718","Anderson Varejao",1,1
"719","Angola",5,1
"720","Anthony Davis",4,1
"721","Argentina",63,7
"722","Australia",111,38
"723","Avery Bradley",17,2
"724","Ben Wallace",84,1
"725","Blake Griffin",7,1
"726","Bobcats",130,10
"727","Braves",460,29
"728","Brazil",17,4
"729","Brian Scalabrine",19,1
"730","Brooklyn Nets",196,26
"731","Bucks",5687,436
"732","Bullets",1700,157
"733","Bulls",44973,2523
"734","Canada",50,14
"735","Cavaliers",45786,1819
"736","Celtics",19039,1414
"737","Charlotte Bobcats",547,18
"738","Charlotte Hornets",679,81
"739","China",8,2
"740","Chris Bosh",1,1
"741","Clippers",12499,658
"742","Croatia",4,2
"743","Danilo Gallinari",1,1
"744","Derrick Rose",97,3
"745","Dirk Nowitzki",62,3
"746","Dominican Republic",10,1
"747","Dwyane Wade",1,1
"748","East",798,50
"749","Eddie Jones",5,1
"750","Eric Piatkowski",5,1
"751","Finland",22,3
"752","France",4,2
"753","Generals",629,15
"754","Great Britain",92,8
"755","Greece",8,1
"756","Grizzlies",8324,440
"757","Hawks",17412,758
"758","Heat",20095,1030
"759","Hornets",4169,262
"760","Iman Shumpert",1,1
"761","Iran",12,3
"762","Isiah Thomas",45,1
"763","Jamal Mashburn",33,1
"764","Jameer Nelson",6,1
"765","James Harden",3,1
"766","James Worthy",2,1
"767","Jason Kidd",15,1
"768","Jason Richardson",6,1
"769","Jason Willams",126,2
"770","Jazz",4089,289
"771","Joakim Noah",1,1
"772","Jordan Farmar",47,1
"773","Jrue Holiday",18,2
"774","Kawhi Leonard",31,3
"775","Kevin Durant",25,3
"776","Kevin Garnett",3,1
"777","Kings",5504,374
"778","KnickerBockers",2039,47
"779","Knicks",17307,1247
"780","Kobe Bryant",172,3
"781","Kyrie Irving",2,1
"782","Lakers",39260,2416
"783","Larry Sanders",8,1
"784","LeBron James",19,3
"785","Lithuania",48,8
"786","Magic",5454,352
"787","Magic Johnson",37,1
"788","Matt Bonner",9,1
"789","Mavericks",10806,747
"790","Mavs",588,73
"791","Mexico",15,2
"792","Minneapolis Lakers",289,19
"793","NBA",17519,751
"794","NBA Scout James Kerti!",17,1
"795","Nets",2850,216
"796","New Jersey Nets",1235,101
"797","New Orleans Hornets",33,7
"798","New Zealand",106,11
"799","Nick Van Exel",1,1
"800","Nigeria",23,5
"801","Nuggets",3360,276
"802","OKC Hornets",475,29
"803","Pacers",4356,366
"804","Patrick Ewing",1,1
"805","Pau Gasol",79,1
"806","Paul Pierce",1,1
"807","Pelicans",5679,260
"808","Philippines",29,8
"809","Pistons",8891,477
"810","Puerto Rico",12,4
"811","Raptors",19589,1254
"812","Reggie Miller",5,1
"813","Rockets",38981,1576
"814","Russia",2,1
"815","San Diego Clippers",5433,127
"816","San Diego Rockets",2473,35
"817","Serbia",68,5
"818","Slovenia",3,1
"819","South Korea",1,1
"820","Spain",31,5
"821","Spurs",23349,1384
"822","Steve Nash",1,1
"823","Suns",6507,474
"824","Supersonics",5650,469
"825","Thunder",12387,738
"826","Tim Duncan",6,2
"827","Timberwolves",8889,693
"828","Tony Allen",28,1
"829","Toronto Huskies",105,13
"830","Trail Blazers",11161,890
"831","Tunisia",39,5
"832","Turkey",2,2
"833","USA",381,75
"834","Vancouver Grizzlies",2063,143
"835","Vince Carter",10,1
"836","Warriors",59029,2324
"837","West",1005,56
"838","Will Barton",3,1
"839","Wizards",13327,708
